INSERT INTO `administrators` (`id`, `admin_code`, `admin_firstname`, `admin_lastname`, `admin_phoneno`, `email`, `admin_status`, `password`, `remember_token`, `created_at`, `updated_at`) VALUES (2, 'SNA935437', 'Nor Fazlina', 'Mohd Faizal', '0135676177', 'admin@gmail.com', 0, '$2y$12$iMUq0Tuys5L5LOQm8baPyuNFO13LFczUTVrQAKekNbjWTGwA9m3/6', NULL, '2024-11-12 13:16:11', '2024-11-12 13:16:11');
INSERT INTO `clients` (`id`, `client_firstname`, `client_lastname`, `client_phoneno`, `email`, `client_address_one`, `client_address_two`, `client_postcode`, `client_state`, `client_area`, `client_status`, `client_photo`, `latitude`, `longitude`, `password`, `created_at`, `updated_at`) VALUES (1, 'MUHAMMAD ZIKRI', 'KASHIM', '01113097495', 'zikrimzk@gmail.com', 'No 51B, Jalan Kemboja 6,', 'Taman Paya Rumput Perdana', '76450', 'melaka', 'Melaka Tengah', 0, 'profile_photos/default-profile.png', 2.30343280, 102.19917910, '$2y$12$qGVsmKNUZNznBZT4eBdPI.raTnn4gqwU2WLjBYa88bbieSs3niMR6', '2024-12-08 14:09:38', '2024-12-21 16:43:05');
INSERT INTO `clients` (`id`, `client_firstname`, `client_lastname`, `client_phoneno`, `email`, `client_address_one`, `client_address_two`, `client_postcode`, `client_state`, `client_area`, `client_status`, `client_photo`, `latitude`, `longitude`, `password`, `created_at`, `updated_at`) VALUES (2, 'Muhammad Aqil', 'Faizal', '011 1309 7495', 'zikri@gmail.com', 'NO 33, JALAN AKASIA 3', 'TAMAN AKASIA, BATU BERENDAM', '75350', 'melaka', 'Melaka Tengah', 0, 'profile_photos/default-profile.png', 2.23721440, 102.26250340, '$2y$12$fqJ.iafuEOGHs/nJ341w3./.OfENmjDTVp6z1Wyr9M5Q6xqC7YwqK', '2024-12-19 04:44:13', '2024-12-19 05:05:51');
INSERT INTO `taskers` (`id`, `tasker_code`, `tasker_firstname`, `tasker_lastname`, `tasker_phoneno`, `email`, `tasker_status`, `password`, `tasker_icno`, `tasker_dob`, `tasker_photo`, `tasker_bio`, `tasker_address_one`, `tasker_address_two`, `tasker_address_poscode`, `tasker_address_state`, `tasker_address_area`, `tasker_workingloc_state`, `tasker_workingloc_area`, `latitude`, `longitude`, `working_radius`, `tasker_working_status`, `tasker_worktype`, `tasker_rank`, `tasker_rating`, `remember_token`, `created_at`, `updated_at`) VALUES (2, 'SNT461596', 'Muhammad Aiman', 'Rashidi Akhtar', '0125583498', 'aiman@gmail.com', 2, '$2y$12$co44hwyoFdoNsAa6Af82PetvURQr.bUgXKwZiyFNGKA2Xbz1BL3o2', NULL, NULL, 'profile_photos/default-profile.png', NULL, NULL, NULL, NULL, NULL, NULL, 'melaka', 'Alor Gajah', 2.38608690, 102.21647220, NULL, 1, 2, NULL, NULL, NULL, '2024-12-08 14:29:01', '2024-12-08 14:30:24');
INSERT INTO `taskers` (`id`, `tasker_code`, `tasker_firstname`, `tasker_lastname`, `tasker_phoneno`, `email`, `tasker_status`, `password`, `tasker_icno`, `tasker_dob`, `tasker_photo`, `tasker_bio`, `tasker_address_one`, `tasker_address_two`, `tasker_address_poscode`, `tasker_address_state`, `tasker_address_area`, `tasker_workingloc_state`, `tasker_workingloc_area`, `latitude`, `longitude`, `working_radius`, `tasker_working_status`, `tasker_worktype`, `tasker_rank`, `tasker_rating`, `remember_token`, `created_at`, `updated_at`) VALUES (1, 'SNT459255', 'Muhammad Zikri', 'Kashim', '01113097495', 'zikrimzk@gmail.com', 2, '$2y$12$F4z4xZDMHcA1Dhq.00YLWOp8qR/pa4sVAbAt6vQ1q6FibovG5OvkS', '030930040349', '2003-09-30', 'profile_photos/taskers/SNT459255_profile.png', 'testtt', 'NO 33, JALAN AKASIA 3', 'TAMAN AKASIA, BATU BERENDAM', '75350', 'melaka', 'Melaka Tengah', 'melaka', 'Melaka Tengah', 2.27105120, 102.28868980, NULL, 1, 1, NULL, NULL, NULL, '2024-12-08 14:08:58', '2024-12-10 06:14:46');
INSERT INTO `administrators` (`id`, `admin_code`, `admin_firstname`, `admin_lastname`, `admin_phoneno`, `admin_photo`, `email`, `admin_status`, `password`, `remember_token`, `created_at`, `updated_at`) VALUES (2, 'SNA935437', 'Nor Fazlina', 'Mohd Faizal', '0135676177', 'profile_photos/admins/SNA935437_profile.jpg', 'admin@gmail.com', 1, '$2y$12$ygQXyuQ3QVpMvIZsL25KBeEyChxKvHC3kYhjsz2w6jY/x49ATuLEu', NULL, '2024-11-12 13:16:11', '2024-12-08 14:07:39');
INSERT INTO `service_types` (`id`, `servicetype_name`, `servicetype_desc`, `servicetype_status`, `created_at`, `updated_at`) VALUES (1, 'General Mounting', NULL, 1, '2024-12-08 14:10:02', '2024-12-08 14:10:02');
INSERT INTO `service_types` (`id`, `servicetype_name`, `servicetype_desc`, `servicetype_status`, `created_at`, `updated_at`) VALUES (2, 'Electrical Work', NULL, 1, '2024-12-08 14:10:06', '2024-12-08 14:10:06');
INSERT INTO `service_types` (`id`, `servicetype_name`, `servicetype_desc`, `servicetype_status`, `created_at`, `updated_at`) VALUES (3, 'Cleaning', NULL, 1, '2024-12-08 14:10:11', '2024-12-08 14:10:11');
INSERT INTO `service_types` (`id`, `servicetype_name`, `servicetype_desc`, `servicetype_status`, `created_at`, `updated_at`) VALUES (4, 'Furniture Assembly', NULL, 1, '2024-12-08 14:10:18', '2024-12-08 14:10:18');
INSERT INTO `service_types` (`id`, `servicetype_name`, `servicetype_desc`, `servicetype_status`, `created_at`, `updated_at`) VALUES (5, 'Designers & Deco', NULL, 1, '2024-12-08 14:11:03', '2024-12-08 14:11:03');
INSERT INTO `time_slots` (`id`, `time`, `slot_category`, `created_at`, `updated_at`) VALUES (1, '07:00:00', 1, '2024-12-08 14:18:01', '2024-12-12 02:44:51');
INSERT INTO `time_slots` (`id`, `time`, `slot_category`, `created_at`, `updated_at`) VALUES (2, '08:00:00', 1, '2024-12-08 14:18:14', '2024-12-12 02:44:59');
INSERT INTO `time_slots` (`id`, `time`, `slot_category`, `created_at`, `updated_at`) VALUES (3, '09:00:00', 1, '2024-12-08 14:18:28', '2024-12-12 02:45:04');
INSERT INTO `time_slots` (`id`, `time`, `slot_category`, `created_at`, `updated_at`) VALUES (4, '10:00:00', 1, '2024-12-08 14:18:42', '2024-12-12 02:45:11');
INSERT INTO `time_slots` (`id`, `time`, `slot_category`, `created_at`, `updated_at`) VALUES (5, '11:00:00', 1, '2024-12-08 14:19:04', '2024-12-12 02:45:20');
INSERT INTO `time_slots` (`id`, `time`, `slot_category`, `created_at`, `updated_at`) VALUES (6, '14:00:00', 1, '2024-12-08 14:19:21', '2024-12-12 02:45:27');
INSERT INTO `time_slots` (`id`, `time`, `slot_category`, `created_at`, `updated_at`) VALUES (7, '15:00:00', 1, '2024-12-08 14:19:44', '2024-12-12 02:45:40');
INSERT INTO `time_slots` (`id`, `time`, `slot_category`, `created_at`, `updated_at`) VALUES (8, '16:00:00', 1, '2024-12-08 14:20:02', '2024-12-12 02:45:47');
INSERT INTO `time_slots` (`id`, `time`, `slot_category`, `created_at`, `updated_at`) VALUES (9, '17:00:00', 1, '2024-12-08 14:20:26', '2024-12-12 02:45:55');
INSERT INTO `time_slots` (`id`, `time`, `slot_category`, `created_at`, `updated_at`) VALUES (10, '14:00:00', 2, '2024-12-08 14:20:41', '2024-12-08 14:21:01');
INSERT INTO `time_slots` (`id`, `time`, `slot_category`, `created_at`, `updated_at`) VALUES (11, '15:00:00', 2, '2024-12-08 14:21:12', '2024-12-08 14:21:12');
INSERT INTO `time_slots` (`id`, `time`, `slot_category`, `created_at`, `updated_at`) VALUES (12, '16:00:00', 2, '2024-12-08 14:21:34', '2024-12-08 14:21:34');
INSERT INTO `time_slots` (`id`, `time`, `slot_category`, `created_at`, `updated_at`) VALUES (13, '17:00:00', 2, '2024-12-08 14:21:53', '2024-12-08 14:21:53');
INSERT INTO `time_slots` (`id`, `time`, `slot_category`, `created_at`, `updated_at`) VALUES (14, '13:00:00', 1, '2024-12-12 02:46:10', '2024-12-12 02:46:10');
INSERT INTO `time_slots` (`id`, `time`, `slot_category`, `created_at`, `updated_at`) VALUES (15, '12:00:00', 1, '2024-12-12 02:54:46', '2024-12-12 02:54:46');
INSERT INTO `services` (`id`, `service_rate`, `service_rate_type`, `service_desc`, `service_status`, `service_type_id`, `tasker_id`, `created_at`, `updated_at`) VALUES (1, 100, 'per job', 'Gantung apa2 pun boleh. Insya Allah', 1, 1, 1, '2024-12-29 03:59:16', '2024-12-29 11:18:18');
INSERT INTO `services` (`id`, `service_rate`, `service_rate_type`, `service_desc`, `service_status`, `service_type_id`, `tasker_id`, `created_at`, `updated_at`) VALUES (2, 130, 'per job', 'Area Alor Gajah, boleh PM', 1, 1, 2, '2024-12-29 04:00:45', '2024-12-29 11:18:18');
INSERT INTO `services` (`id`, `service_rate`, `service_rate_type`, `service_desc`, `service_status`, `service_type_id`, `tasker_id`, `created_at`, `updated_at`) VALUES (3, 40, 'per hour', 'Boleh untuk girls home only yaa.', 1, 1, 3, '2024-12-29 04:21:41', '2024-12-29 11:18:18');
INSERT INTO `services` (`id`, `service_rate`, `service_rate_type`, `service_desc`, `service_status`, `service_type_id`, `tasker_id`, `created_at`, `updated_at`) VALUES (7, 40, 'per job', '1212', 3, 3, 3, '2024-12-29 07:04:48', '2024-12-29 14:23:10');
INSERT INTO `services` (`id`, `service_rate`, `service_rate_type`, `service_desc`, `service_status`, `service_type_id`, `tasker_id`, `created_at`, `updated_at`) VALUES (8, 56, 'per job', NULL, 1, 4, 1, '2024-12-29 14:18:46', '2024-12-29 14:21:23');
INSERT INTO `services` (`id`, `service_rate`, `service_rate_type`, `service_desc`, `service_status`, `service_type_id`, `tasker_id`, `created_at`, `updated_at`) VALUES (9, 55, 'per hour', NULL, 3, 5, 1, '2024-12-29 14:18:56', '2024-12-29 14:23:10');
INSERT INTO `services` (`id`, `service_rate`, `service_rate_type`, `service_desc`, `service_status`, `service_type_id`, `tasker_id`, `created_at`, `updated_at`) VALUES (10, 85, 'per job', NULL, 1, 3, 1, '2024-12-29 14:19:38', '2024-12-29 14:21:23');
INSERT INTO `bookings` (`id`, `booking_order_id`, `booking_date`, `booking_address`, `booking_latitude`, `booking_longitude`, `booking_time_start`, `booking_time_end`, `booking_status`, `booking_note`, `booking_rate`, `client_id`, `service_id`, `created_at`, `updated_at`) VALUES (1, 'SRW-29-12-2024-1735446662', '2024-12-30', 'No 51B, Jalan Kemboja 6,, Taman Paya Rumput Perdana, Melaka Tengah, 76450 Melaka', 2.30343280, 102.19917910, '07:00:00', '09:00:00', 6, NULL, 103.00, 1, 1, '2024-12-29 04:31:03', '2024-12-29 04:43:49');
INSERT INTO `bookings` (`id`, `booking_order_id`, `booking_date`, `booking_address`, `booking_latitude`, `booking_longitude`, `booking_time_start`, `booking_time_end`, `booking_status`, `booking_note`, `booking_rate`, `client_id`, `service_id`, `created_at`, `updated_at`) VALUES (6, 'SRW-29-12-2024-1735447011', '2024-12-31', 'No 33, Jalan Akasia 3, Taman Akasia, Batu Berendam, Melaka Tengah, 75350 Melaka', 2.23721440, 102.26250340, '07:00:00', '12:00:00', 6, NULL, 103.00, 2, 1, '2024-12-29 04:36:51', '2024-12-29 04:42:27');
INSERT INTO `bookings` (`id`, `booking_order_id`, `booking_date`, `booking_address`, `booking_latitude`, `booking_longitude`, `booking_time_start`, `booking_time_end`, `booking_status`, `booking_note`, `booking_rate`, `client_id`, `service_id`, `created_at`, `updated_at`) VALUES (4, 'SRW-29-12-2024-1735446907', '2024-12-31', 'No 33, Jalan Akasia 3, Taman Akasia, Batu Berendam, Melaka Tengah, 75350 Melaka', 2.23721440, 102.26250340, '08:00:00', '11:00:00', 8, NULL, 123.60, 2, 3, '2024-12-29 04:35:08', '2024-12-29 04:47:10');
INSERT INTO `bookings` (`id`, `booking_order_id`, `booking_date`, `booking_address`, `booking_latitude`, `booking_longitude`, `booking_time_start`, `booking_time_end`, `booking_status`, `booking_note`, `booking_rate`, `client_id`, `service_id`, `created_at`, `updated_at`) VALUES (3, 'SRW-29-12-2024-1735446789', '2024-12-30', 'No 51B, Jalan Kemboja 6,, Taman Paya Rumput Perdana, Melaka Tengah, 76450 Melaka', 2.30343280, 102.19917910, '09:00:00', '12:00:00', 6, NULL, 123.60, 1, 3, '2024-12-29 04:33:09', '2024-12-29 04:43:55');
INSERT INTO `bookings` (`id`, `booking_order_id`, `booking_date`, `booking_address`, `booking_latitude`, `booking_longitude`, `booking_time_start`, `booking_time_end`, `booking_status`, `booking_note`, `booking_rate`, `client_id`, `service_id`, `created_at`, `updated_at`) VALUES (2, 'SRW-29-12-2024-1735446734', '2024-12-30', 'No 51B, Jalan Kemboja 6,, Taman Paya Rumput Perdana, Melaka Tengah, 76450 Melaka', 2.30343280, 102.19917910, '14:00:00', '17:00:00', 6, NULL, 133.90, 1, 2, '2024-12-29 04:32:14', '2024-12-29 04:43:52');
INSERT INTO `bookings` (`id`, `booking_order_id`, `booking_date`, `booking_address`, `booking_latitude`, `booking_longitude`, `booking_time_start`, `booking_time_end`, `booking_status`, `booking_note`, `booking_rate`, `client_id`, `service_id`, `created_at`, `updated_at`) VALUES (5, 'SRW-29-12-2024-1735446955', '2024-12-31', 'No 33, Jalan Akasia 3, Taman Akasia, Batu Berendam, Melaka Tengah, 75350 Melaka', 2.23721440, 102.26250340, '14:00:00', '17:00:00', 8, NULL, 133.90, 2, 2, '2024-12-29 04:35:55', '2024-12-29 04:47:17');
INSERT INTO `transactions` (`id`, `trans_refno`, `trans_status`, `trans_reason`, `trans_billcode`, `booking_order_id`, `trans_amount`, `trans_transaction_time`, `created_at`, `updated_at`) VALUES (1, NULL, NULL, NULL, NULL, 'SRW-29-12-2024-1735446662', NULL, NULL, NULL, NULL);
INSERT INTO `transactions` (`id`, `trans_refno`, `trans_status`, `trans_reason`, `trans_billcode`, `booking_order_id`, `trans_amount`, `trans_transaction_time`, `created_at`, `updated_at`) VALUES (2, NULL, NULL, NULL, NULL, 'SRW-29-12-2024-1735446734', NULL, NULL, NULL, NULL);
INSERT INTO `transactions` (`id`, `trans_refno`, `trans_status`, `trans_reason`, `trans_billcode`, `booking_order_id`, `trans_amount`, `trans_transaction_time`, `created_at`, `updated_at`) VALUES (3, NULL, NULL, NULL, NULL, 'SRW-29-12-2024-1735446789', NULL, NULL, NULL, NULL);
INSERT INTO `transactions` (`id`, `trans_refno`, `trans_status`, `trans_reason`, `trans_billcode`, `booking_order_id`, `trans_amount`, `trans_transaction_time`, `created_at`, `updated_at`) VALUES (4, NULL, NULL, NULL, NULL, 'SRW-29-12-2024-1735446907', NULL, NULL, NULL, NULL);
INSERT INTO `transactions` (`id`, `trans_refno`, `trans_status`, `trans_reason`, `trans_billcode`, `booking_order_id`, `trans_amount`, `trans_transaction_time`, `created_at`, `updated_at`) VALUES (5, NULL, NULL, NULL, NULL, 'SRW-29-12-2024-1735446955', NULL, NULL, NULL, NULL);
INSERT INTO `transactions` (`id`, `trans_refno`, `trans_status`, `trans_reason`, `trans_billcode`, `booking_order_id`, `trans_amount`, `trans_transaction_time`, `created_at`, `updated_at`) VALUES (6, NULL, NULL, NULL, NULL, 'SRW-29-12-2024-1735447011', NULL, NULL, NULL, NULL);
INSERT INTO `reviews` (`id`, `review_rating`, `review_description`, `review_imageOne`, `review_imageTwo`, `review_imageThree`, `review_imageFour`, `review_type`, `review_status`, `review_date_time`, `booking_id`, `created_at`, `updated_at`) VALUES (1, '5', 'Baikkk , sabar je dia handle, sukaaaaa', 'uploads/review_images/XHvPre99ozFxrHBzWxIwlZvpIoHWqLQov2I7pRhY.jpg', 'uploads/review_images/Qh0d0EBSPl8EuFWYUl93IV4lAj5I329j0s6wdzE5.jpg', 'uploads/review_images/gTdvFutOjdhNwq4N4sycRkUhHKXL02OLk4NxnnUb.jpg', 'uploads/review_images/Eg5AlQL4K3bEbR5vqoOc8qpGs4PYcCg4Uulx98i5.jpg', 1, 1, '2024-12-29 04:43:34', 6, '2024-12-29 04:43:34', '2024-12-29 04:43:34');
INSERT INTO `reviews` (`id`, `review_rating`, `review_description`, `review_imageOne`, `review_imageTwo`, `review_imageThree`, `review_imageFour`, `review_type`, `review_status`, `review_date_time`, `booking_id`, `created_at`, `updated_at`) VALUES (2, '4', 'Nice, penyabar do dia ni', NULL, NULL, NULL, NULL, 1, 1, '2024-12-29 04:44:15', 1, '2024-12-29 04:44:15', '2024-12-29 04:44:15');
INSERT INTO `reviews` (`id`, `review_rating`, `review_description`, `review_imageOne`, `review_imageTwo`, `review_imageThree`, `review_imageFour`, `review_type`, `review_status`, `review_date_time`, `booking_id`, `created_at`, `updated_at`) VALUES (3, '2', 'a bit rude , and tak kemas, x suka kerja dia', 'uploads/review_images/9eZWVNZ6Qdv842OCfIpt0W9nqfMzWkO4qHh4Rl7u.jpg', NULL, NULL, NULL, 1, 1, '2024-12-29 04:44:51', 2, '2024-12-29 04:44:51', '2024-12-29 04:44:51');
INSERT INTO `reviews` (`id`, `review_rating`, `review_description`, `review_imageOne`, `review_imageTwo`, `review_imageThree`, `review_imageFour`, `review_type`, `review_status`, `review_date_time`, `booking_id`, `created_at`, `updated_at`) VALUES (4, '3', 'Okay lah, hantar kat rumah sewa, dia gantung okay, cuma dry texter pulak, x nampak mcm nak customer', 'uploads/review_images/htfVCB3BrvuNaWDp7yMTEJeUQ4Z9MtSy8UShCXqt.jpg', NULL, NULL, NULL, 1, 2, '2024-12-29 04:45:33', 3, '2024-12-29 04:45:33', '2024-12-29 05:37:29');
INSERT INTO `cancel_refund_bookings` (`id`, `cr_date`, `cr_status`, `cr_reason`, `cr_amount`, `cr_bank_name`, `cr_account_name`, `cr_account_number`, `cr_penalized`, `booking_id`, `created_at`, `updated_at`) VALUES (1, '2024-12-29', 2, 'Tasker: Muhammad Aiman Rashidi Akhtar unable to serve the services. Full refund requested by tasker.', 133.90, 'CIMB Bank', 'AQIL MUAHIMIN', '897634256', 1, 5, '2024-12-29 04:39:38', '2024-12-29 04:47:17');
INSERT INTO `cancel_refund_bookings` (`id`, `cr_date`, `cr_status`, `cr_reason`, `cr_amount`, `cr_bank_name`, `cr_account_name`, `cr_account_number`, `cr_penalized`, `booking_id`, `created_at`, `updated_at`) VALUES (2, '2024-12-29', 2, 'Tasker: Elizabeth Tan unable to serve the services. Full refund requested by tasker.', 123.60, 'CIMB Bank', 'AQIL MUAHIMIN', '897634256', 1, 4, '2024-12-29 04:40:39', '2024-12-29 04:47:10');

 INSERT INTO `administrators` (`id`, `admin_code`, `admin_firstname`, `admin_lastname`, `admin_phoneno`, `admin_photo`, `email`, `admin_status`, `password`, `remember_token`, `created_at`, `updated_at`) VALUES (2, 'SNA935437', 'Muhammad Zikri', 'Bin Kashim', '0135676177', 'profile_photos/admins/1736696066_SNA935437_profile.jpg', 'admin@gmail.com', 1, '$2y$12$g45BjjjwHr.grqgWEaWMBeMbxHyKcKQfWvSk7b9E/UDSUUxY3jmcW', NULL, '2024-11-12 13:16:11', '2025-01-13 04:08:04');
iassetfaculties`cardiac-rythm-management`crmd_dbcrmd_dbcrmd_db